{"music_name": "music/CrystalZone/IntoTheVoid.ogg", "beat_times": [12.097596371882085, 12.585215419501134, 13.096054421768708, 13.583673469387755, 14.094512471655328, 14.582131519274377, 15.09297052154195, 15.580589569160997, 16.091428571428573, 16.579047619047618, 17.08988662131519, 17.600725623582765, 18.088344671201813, 18.599183673469387, 19.086802721088436, 19.59764172335601, 20.085260770975058, 20.59609977324263, 21.083718820861677, 21.59455782312925, 22.105396825396827, 22.593015873015872, 23.08063492063492, 23.591473922902495, 24.102312925170068, 24.589931972789117, 25.077551020408162, 25.588390022675735, 26.09922902494331, 26.586848072562358, 27.074467120181406, 27.58530612244898, 28.096145124716553, 28.583764172335602, 29.094603174603176, 29.58222222222222, 30.093061224489794, 30.580680272108843, 31.091519274376417, 31.579138321995465, 32.08997732426304, 32.60081632653061, 33.08843537414966, 33.599274376417235, 34.11011337868481, 34.59773242630386, 35.085351473922906, 35.59619047619048, 36.08380952380952, 36.594648526077094, 37.08226757369614, 37.593106575963716, 38.10394557823129, 38.59156462585034, 39.07918367346939, 39.59002267573696, 40.100861678004534, 40.58848072562358, 41.09931972789116, 41.586938775510205, 42.09777777777778, 42.58539682539683, 43.0962358276644, 43.58385487528345, 44.09469387755102, 44.6055328798186, 45.09315192743764, 45.60399092970521, 46.11482993197279, 46.602448979591834, 47.09006802721088, 47.600907029478456, 48.088526077097505, 48.59936507936508, 49.08698412698413, 49.5978231292517, 50.108662131519274, 50.59628117913832, 51.08390022675737, 51.594739229024945, 52.10557823129252, 52.59319727891157, 53.10403628117914, 53.59165532879818, 54.102494331065756, 54.590113378684805, 55.10095238095238, 55.58857142857143, 56.099410430839, 56.58702947845805, 57.09786848072562, 57.58548752834467, 58.096326530612245, 58.60716553287982, 59.09478458049887, 59.60562358276644, 60.09324263038549, 60.60408163265306, 61.09170068027211, 61.602539682539685, 62.11337868480726, 62.6009977324263, 63.08861678004535, 63.59945578231292, 64.1102947845805, 64.59791383219955, 65.0855328798186, 65.59637188208617, 66.10721088435375, 66.59482993197278, 67.08244897959183, 67.5932879818594, 68.10412698412698, 68.59174603174603, 69.1025850340136, 69.59020408163265, 70.10104308390022, 70.58866213151927, 71.09950113378684], "tempo": 117.45383522727273}
