{"music_name": "C:/Users/laksh/PycharmProjects/monzter-devs/BeatBoomer/src/assets/music/IronScorpion/Anguis.ogg", "beat_times": [0.4179591836734694, 1.0216780045351475, 1.6253968253968254, 2.2291156462585033, 2.8328344671201813, 3.436553287981859, 4.040272108843538, 4.6439909297052155, 5.224489795918367, 5.828208616780046, 6.431927437641724, 7.035646258503402, 7.63936507936508, 8.243083900226758, 8.823582766439909, 9.427301587301587, 10.031020408163265, 10.634739229024943, 11.23845804988662, 11.842176870748299, 12.445895691609977, 13.119274376417234, 13.815873015873017, 14.419591836734694, 15.023310657596372, 15.62702947845805, 16.32362811791383, 17.020226757369613, 17.623945578231293, 18.22766439909297, 18.83138321995465, 19.52798185941043, 20.224580498866214, 20.82829931972789, 21.43201814058957, 22.035736961451246, 22.732335600907028, 23.42893424036281, 24.03265306122449, 24.636371882086166, 25.240090702947846, 25.843809523809522, 26.424308390022677, 27.028027210884353, 27.631746031746033, 28.23546485260771, 28.83918367346939, 29.442902494331065, 30.023401360544216, 30.627120181405896, 31.230839002267572, 31.834557823129252, 32.43827664399093, 33.01877551020408, 33.62249433106576, 34.22621315192744, 34.82993197278912, 35.34077097505669, 35.851609977324266, 36.432108843537414], "tempo": 99.38401442307692}